{"count": 10, "results": [[{"name": "AreaSelector/Real/0/0/iterations:0", "max_area": 4, "max_diameter": 4.242, "max_count": 18446744073709551615, "convex_area": {"area": 3.7336185200000025, "count": 84, "hull_indices": [286, 273, 963, 656, 288, 811, 605, 608, 781, 198], "diameter_indices": [656, 608]}}], [{"name": "AreaSelector/Real/1/0/iterations:0", "max_area": 4, "max_diameter": 4.242, "max_count": 18446744073709551615, "convex_area": {"area": 3.9304098527000044, "count": 49, "hull_indices": [619, 140, 209, 641, 334, 862, 461, 452, 165], "diameter_indices": [334, 165]}}], [{"name": "AreaSelector/Real/2/0/iterations:0", "max_area": 4, "max_diameter": 4.242, "max_count": 18446744073709551615, "convex_area": {"area": 3.960726445949999, "count": 45, "hull_indices": [222, 714, 887, 239, 815, 701, 573], "diameter_indices": [222, 815]}}], [{"name": "AreaSelector/Real/3/0/iterations:0", "max_area": 4, "max_diameter": 4.242, "max_count": 18446744073709551615, "convex_area": {"area": 3.976451076749999, "count": 48, "hull_indices": [656, 59, 783, 718, 2, 640, 591, 690, 343], "diameter_indices": [59, 2]}}], [{"name": "AreaSelector/Real/4/0/iterations:0", "max_area": 4, "max_diameter": 4.242, "max_count": 18446744073709551615, "convex_area": {"area": 3.98980790355, "count": 55, "hull_indices": [447, 265, 365, 555, 30, 251, 627, 618, 453], "diameter_indices": [265, 555]}}], [{"name": "AreaSelector/Real/5/0/iterations:0", "max_area": 4, "max_diameter": 4.242, "max_count": 18446744073709551615, "convex_area": {"area": 3.674425271500003, "count": 48, "hull_indices": [582, 341, 639, 250, 298, 321, 304, 353], "diameter_indices": [639, 353]}}], [{"name": "AreaSelector/Real/6/0/iterations:0", "max_area": 4, "max_diameter": 4.242, "max_count": 18446744073709551615, "convex_area": {"area": 3.9762594994000033, "count": 38, "hull_indices": [216, 453, 84, 310, 86, 487, 609, 626], "diameter_indices": [453, 86]}}], [{"name": "AreaSelector/Real/7/0/iterations:0", "max_area": 4, "max_diameter": 4.242, "max_count": 18446744073709551615, "convex_area": {"area": 3.8664555512999987, "count": 36, "hull_indices": [565, 409, 109, 344, 424, 349, 232], "diameter_indices": [409, 349]}}], [{"name": "AreaSelector/Real/8/0/iterations:0", "max_area": 4, "max_diameter": 4.242, "max_count": 18446744073709551615, "convex_area": {"area": 3.7913988359500035, "count": 37, "hull_indices": [177, 515, 151, 459, 121, 507, 499, 137, 85, 253, 437, 548], "diameter_indices": [151, 499]}}], [{"name": "AreaSelector/Real/9/0/iterations:0", "max_area": 4, "max_diameter": 4.242, "max_count": 18446744073709551615, "convex_area": {"area": 3.5709529508500037, "count": 71, "hull_indices": [113, 52, 92, 385, 210, 248, 491, 466, 84], "diameter_indices": [92, 491]}}]]}