{"count": 10, "results": [[{"name": "AreaSelector/Real/0/0/iterations:0", "max_area": 2, "max_diameter": 4.242, "max_count": 18446744073709551615, "convex_area": {"area": 1.948802699450002, "count": 47, "hull_indices": [103, 505, 463, 124, 680, 555, 532], "diameter_indices": [463, 555]}}], [{"name": "AreaSelector/Real/1/0/iterations:0", "max_area": 2, "max_diameter": 4.242, "max_count": 18446744073709551615, "convex_area": {"area": 1.6921472404500004, "count": 27, "hull_indices": [225, 510, 114, 382, 517, 72, 135, 364, 209], "diameter_indices": [510, 364]}}], [{"name": "AreaSelector/Real/2/0/iterations:0", "max_area": 2, "max_diameter": 4.242, "max_count": 18446744073709551615, "convex_area": {"area": 1.7653681141999993, "count": 23, "hull_indices": [152, 217, 78, 271, 397], "diameter_indices": [152, 271]}}], [{"name": "AreaSelector/Real/3/0/iterations:0", "max_area": 2, "max_diameter": 4.242, "max_count": 18446744073709551615, "convex_area": {"area": 1.8504499349999988, "count": 24, "hull_indices": [36, 179, 164, 61, 82, 211], "diameter_indices": [36, 61]}}], [{"name": "AreaSelector/Real/4/0/iterations:0", "max_area": 2, "max_diameter": 4.242, "max_count": 18446744073709551615, "convex_area": {"area": 1.826156535750001, "count": 24, "hull_indices": [446, 427, 235, 271, 464, 107, 79, 259], "diameter_indices": [235, 107]}}], [{"name": "AreaSelector/Real/5/0/iterations:0", "max_area": 2, "max_diameter": 4.242, "max_count": 18446744073709551615, "convex_area": {"area": 1.9748957037999972, "count": 25, "hull_indices": [14, 2, 115, 436, 221, 211, 273], "diameter_indices": [436, 211]}}], [{"name": "AreaSelector/Real/6/0/iterations:0", "max_area": 2, "max_diameter": 4.242, "max_count": 18446744073709551615, "convex_area": {"area": 1.404130439649999, "count": 16, "hull_indices": [237, 241, 85, 309, 403], "diameter_indices": [237, 309]}}], [{"name": "AreaSelector/Real/7/0/iterations:0", "max_area": 2, "max_diameter": 4.242, "max_count": 18446744073709551615, "convex_area": {"area": 1.9201078086000003, "count": 21, "hull_indices": [37, 300, 106, 61, 143, 365, 219, 160, 37], "diameter_indices": [61, 365]}}], [{"name": "AreaSelector/Real/8/0/iterations:0", "max_area": 2, "max_diameter": 4.242, "max_count": 18446744073709551615, "convex_area": {"area": 1.349261607450001, "count": 34, "hull_indices": [20, 67, 115, 106, 22, 206, 57, 173, 202], "diameter_indices": [115, 57]}}], [{"name": "AreaSelector/Real/9/0/iterations:0", "max_area": 2, "max_diameter": 4.242, "max_count": 18446744073709551615, "convex_area": {"area": 1.9941527585499985, "count": 18, "hull_indices": [81, 112, 331, 208, 85, 81], "diameter_indices": [81, 331]}}]]}