{"antipodal": {"count": 10, "results": [[{"name": "antipodal/Real/0/0/iterations:0", "max_area": 4, "max_diameter": 4.242, "max_count": 18446744073709551615, "convex_area": [3.992699787850001, 76, [430, 258, 58, 428, 581, 349, 250, 9, 551, 425, 555], [349, 430]]}], [{"name": "antipodal/Real/1/0/iterations:0", "max_area": 4, "max_diameter": 4.242, "max_count": 18446744073709551615, "convex_area": [3.809087537949999, 42, [373, 469, 224, 484, 329, 144, 121, 317, 464, 331, 8, 446], [329, 373]]}], [{"name": "antipodal/Real/2/0/iterations:0", "max_area": 4, "max_diameter": 4.242, "max_count": 18446744073709551615, "convex_area": [3.9254985108999993, 39, [201, 231, 360, 389, 330, 6, 479, 586, 551, 444], [6, 201]]}], [{"name": "antipodal/Real/3/0/iterations:0", "max_area": 4, "max_diameter": 4.242, "max_count": 18446744073709551615, "convex_area": [3.938373074850001, 42, [287, 415, 390, 518, 141, 321, 103, 462, 197, 191, 286, 455, 96, 384, 400], [191, 287]]}], [{"name": "antipodal/Real/4/0/iterations:0", "max_area": 4, "max_diameter": 4.242, "max_count": 18446744073709551615, "convex_area": [3.8752484835, 42, [271, 175, 411, 209, 247, 24, 185, 259, 101, 108, 14], [209, 271]]}], [{"name": "antipodal/Real/5/0/iterations:0", "max_area": 4, "max_diameter": 4.242, "max_count": 18446744073709551615, "convex_area": [3.8778307176500046, 44, [236, 164, 239, 395, 118, 365, 145, 360, 375, 318, 409], [118, 236]]}], [{"name": "antipodal/Real/6/0/iterations:0", "max_area": 4, "max_diameter": 4.242, "max_count": 18446744073709551615, "convex_area": [3.9392761307499966, 31, [383, 55, 241, 115, 40, 320, 403, 348, 154, 279], [40, 383]]}], [{"name": "antipodal/Real/7/0/iterations:0", "max_area": 4, "max_diameter": 4.242, "max_count": 18446744073709551615, "convex_area": [3.8920219097000026, 34, [344, 147, 181, 25, 321, 172, 145, 127], [172, 344]]}], [{"name": "antipodal/Real/8/0/iterations:0", "max_area": 4, "max_diameter": 4.242, "max_count": 18446744073709551615, "convex_area": [3.9638673834500024, 62, [115, 67, 20, 202, 129, 306, 80, 163, 168, 338, 372, 28], [80, 115]]}], [{"name": "antipodal/Real/9/0/iterations:0", "max_area": 4, "max_diameter": 4.242, "max_count": 18446744073709551615, "convex_area": [3.8636182862500004, 28, [159, 183, 30, 139, 208, 76, 235, 69], [76, 159]]}]]}, "area_selector": {"count": 10, "results": [[{"name": "area_selector/Real/0/0/iterations:0", "max_area": 4, "max_diameter": 4.242, "max_count": 18446744073709551615, "convex_area": {"area": 3.416017156150002, "count": 68, "hull_indices": [551, 695, 463, 581, 428, 430, 555, 425], "diameter_indices": [463, 430]}}], [{"name": "area_selector/Real/1/0/iterations:0", "max_area": 4, "max_diameter": 4.242, "max_count": 18446744073709551615, "convex_area": {"area": 3.8427630431499984, "count": 36, "hull_indices": [108, 168, 166, 605, 282, 578, 377, 422], "diameter_indices": [108, 282]}}], [{"name": "area_selector/Real/2/0/iterations:0", "max_area": 4, "max_diameter": 4.242, "max_count": 18446744073709551615, "convex_area": {"area": 3.9887324994500015, "count": 33, "hull_indices": [448, 162, 366, 517, 539, 396, 132], "diameter_indices": [162, 539]}}], [{"name": "area_selector/Real/3/0/iterations:0", "max_area": 4, "max_diameter": 4.242, "max_count": 18446744073709551615, "convex_area": {"area": 3.9941012675500005, "count": 34, "hull_indices": [79, 144, 458, 0, 410, 444, 435], "diameter_indices": [144, 0]}}], [{"name": "area_selector/Real/4/0/iterations:0", "max_area": 4, "max_diameter": 4.242, "max_count": 18446744073709551615, "convex_area": {"area": 3.865546491250001, "count": 38, "hull_indices": [107, 79, 126, 452, 162, 283, 235, 222, 256], "diameter_indices": [107, 283]}}], [{"name": "area_selector/Real/5/0/iterations:0", "max_area": 4, "max_diameter": 4.242, "max_count": 18446744073709551615, "convex_area": {"area": 3.8176428698000024, "count": 37, "hull_indices": [53, 43, 279, 259, 273, 230, 27, 411], "diameter_indices": [259, 411]}}], [{"name": "area_selector/Real/6/0/iterations:0", "max_area": 4, "max_diameter": 4.242, "max_count": 18446744073709551615, "convex_area": {"area": 3.7225400697500035, "count": 27, "hull_indices": [287, 227, 346, 385, 67, 347], "diameter_indices": [346, 347]}}], [{"name": "area_selector/Real/7/0/iterations:0", "max_area": 4, "max_diameter": 4.242, "max_count": 18446744073709551615, "convex_area": {"area": 3.944616041900003, "count": 30, "hull_indices": [207, 164, 332, 159, 230, 181, 147, 344], "diameter_indices": [159, 147]}}], [{"name": "area_selector/Real/8/0/iterations:0", "max_area": 4, "max_diameter": 4.242, "max_count": 18446744073709551615, "convex_area": {"area": 3.860640465899998, "count": 57, "hull_indices": [20, 67, 115, 106, 37, 246, 101, 277, 212, 155, 202], "diameter_indices": [115, 212]}}], [{"name": "area_selector/Real/9/0/iterations:0", "max_area": 4, "max_diameter": 4.242, "max_count": 18446744073709551615, "convex_area": {"area": 3.96589297735, "count": 23, "hull_indices": [100, 69, 99, 244, 197], "diameter_indices": [100, 244]}}]]}, "area_selector_step_050": {"count": 10, "results": [[{"name": "area_selector_step_050/Real/0/0/iterations:0", "max_area": 4, "max_diameter": 4.242, "max_count": 18446744073709551615, "convex_area": {"area": 3.741015421200003, "count": 70, "hull_indices": [425, 695, 496, 124, 58, 497, 555], "diameter_indices": [496, 555]}}], [{"name": "area_selector_step_050/Real/1/0/iterations:0", "max_area": 4, "max_diameter": 4.242, "max_count": 18446744073709551615, "convex_area": {"area": 3.9710528698000003, "count": 39, "hull_indices": [379, 56, 562, 452, 469, 373, 538, 175], "diameter_indices": [379, 469]}}], [{"name": "area_selector_step_050/Real/2/0/iterations:0", "max_area": 4, "max_diameter": 4.242, "max_count": 18446744073709551615, "convex_area": {"area": 3.980499804700001, "count": 39, "hull_indices": [29, 369, 586, 479, 119, 330, 389, 360, 231, 201], "diameter_indices": [369, 389]}}], [{"name": "area_selector_step_050/Real/3/0/iterations:0", "max_area": 4, "max_diameter": 4.242, "max_count": 18446744073709551615, "convex_area": {"area": 3.97478657825, "count": 39, "hull_indices": [69, 468, 520, 240, 374, 68, 517, 446, 269, 204], "diameter_indices": [468, 517]}}], [{"name": "area_selector_step_050/Real/4/0/iterations:0", "max_area": 4, "max_diameter": 4.242, "max_count": 18446744073709551615, "convex_area": {"area": 3.9918288951499985, "count": 40, "hull_indices": [24, 247, 126, 411, 283, 235, 271, 14, 256], "diameter_indices": [247, 271]}}], [{"name": "area_selector_step_050/Real/5/0/iterations:0", "max_area": 4, "max_diameter": 4.242, "max_count": 18446744073709551615, "convex_area": {"area": 3.759043820550008, "count": 39, "hull_indices": [395, 1, 363, 27, 310, 118], "diameter_indices": [363, 27]}}], [{"name": "area_selector_step_050/Real/6/0/iterations:0", "max_area": 4, "max_diameter": 4.242, "max_count": 18446744073709551615, "convex_area": {"area": 3.9955552505000043, "count": 28, "hull_indices": [118, 110, 163, 119, 204, 347, 348], "diameter_indices": [118, 347]}}], [{"name": "area_selector_step_050/Real/7/0/iterations:0", "max_area": 4, "max_diameter": 4.242, "max_count": 18446744073709551615, "convex_area": {"area": 3.9171498064500008, "count": 32, "hull_indices": [207, 81, 145, 172, 25, 73, 147, 344], "diameter_indices": [172, 344]}}], [{"name": "area_selector_step_050/Real/8/0/iterations:0", "max_area": 4, "max_diameter": 4.242, "max_count": 18446744073709551615, "convex_area": {"area": 3.9735760675500007, "count": 59, "hull_indices": [20, 67, 115, 28, 186, 246, 101, 277, 212, 173, 202], "diameter_indices": [28, 212]}}], [{"name": "area_selector_step_050/Real/9/0/iterations:0", "max_area": 4, "max_diameter": 4.242, "max_count": 18446744073709551615, "convex_area": {"area": 3.96701704945, "count": 27, "hull_indices": [30, 183, 159, 69, 235, 63, 194, 317, 197, 139], "diameter_indices": [235, 197]}}]]}, "eppstein_tiled_step_050": {"count": 10, "results": [[{"name": "eppstein_tiled_step_050/Real/0/0/iterations:0",